pid,tier,tokens,quality
T1-01:0:000,1,52,0.6346
T1-01:0:001,1,55,0.5273
T1-01:0:002,1,34,0.5588
T1-01:0:003,1,48,0.6042
T1-01:0:004,1,100,0.61
T1-01:0:005,1,40,0.7
T1-01:0:006,1,34,0.6176
T1-01:0:007,1,18,0.6667
T1-01:0:008,1,0,
T1-01:0:009,1,0,
T1-01:0:010,1,137,0.5401
T1-01:0:011,1,115,0.7043
T1-01:0:012,1,80,0.6125
T1-01:0:013,1,149,0.6443
T1-01:0:014,1,83,0.6024
T1-01:0:015,1,58,0.5517
T1-01:0:016,1,7,0.7143
T1-01:0:017,1,126,0.6349
T1-01:0:018,1,46,0.6304
T1-01:0:019,1,46,0.5435
T1-01:0:020,1,105,0.6571
T1-01:0:021,1,110,0.6909
T1-01:0:022,1,97,0.6598
T1-01:0:023,1,1,0.0
T1-01:1:000,1,0,
T1-01:1:001,1,2,0.5
T1-01:1:002,1,11,0.6364
T1-01:1:003,1,52,0.4615
T1-01:1:004,1,50,0.64
T1-01:1:005,1,61,0.7705
T1-01:1:006,1,40,0.675
T1-01:1:007,1,52,0.6538
T1-01:1:008,1,73,0.8219
T1-01:1:009,1,35,0.5714
T1-01:1:010,1,113,0.7168
T1-01:1:011,1,44,0.6818
T1-01:1:012,1,22,0.5909
T1-01:1:013,1,39,0.4872
T1-01:1:014,1,61,0.6557
T1-01:1:015,1,42,0.7619
T1-01:1:016,1,32,0.6875
T1-01:1:017,1,177,0.6836
T1-01:1:018,1,21,0.1905
T1-01:1:019,1,38,0.7105
T1-01:1:020,1,40,0.65
T1-01:1:021,1,65,0.6615
T1-01:1:022,1,96,0.7083
T1-01:1:023,1,27,0.7407
T1-01:1:024,1,81,0.5926
T1-01:1:025,1,52,0.7115
T1-01:1:026,1,2,1.0
T1-01:1:027,1,42,0.6905
T1-01:1:028,1,44,0.6136
T1-01:1:029,1,53,0.7547
T1-01:1:030,1,28,0.6429
T1-01:1:031,1,3,0.6667
T1-01:1:032,1,47,0.7021
T1-01:1:033,1,59,0.678
T1-01:1:034,1,4,0.75
T1-01:1:035,1,1,1.0
T1-01:1:036,1,0,
T1-01:1:037,1,0,
T1-02:0:000,1,0,
T1-02:0:001,1,0,
T1-02:0:002,1,0,
T1-02:0:003,1,74,0.7297
T1-02:0:004,1,47,0.6809
T1-02:0:005,1,67,0.7463
T1-02:0:006,1,34,0.5882
T1-02:0:007,1,41,0.6341
T1-02:0:008,1,40,0.65
T1-02:0:009,1,55,0.6364
T1-02:0:010,1,50,0.54
T1-02:0:011,1,48,0.5417
T1-02:0:012,1,47,0.7234
T1-02:0:013,1,41,0.6098
T1-02:0:014,1,14,0.7143
T1-02:0:015,1,0,
T1-02:0:016,1,63,0.5079
T1-02:0:017,1,62,0.6774
T1-02:0:018,1,92,0.663
T1-02:0:019,1,43,0.6744
T1-02:0:020,1,66,0.6667
T1-02:0:021,1,42,0.5238
T1-02:0:022,1,50,0.7
T1-02:0:023,1,42,0.5714
T1-02:0:024,1,101,0.7525
T1-02:0:025,1,6,0.5
T1-02:0:026,1,22,0.6364
T1-02:0:027,1,4,0.5
T1-02:0:028,1,95,0.7158
T1-02:0:029,1,99,0.7374
T1-02:0:030,1,110,0.6182
T1-02:0:031,1,35,0.7429
T1-02:0:032,1,36,0.6111
T1-02:0:033,1,70,0.7143
T1-02:0:034,1,62,0.7258
T1-02:0:035,1,33,0.697
T1-02:0:036,1,26,0.5385
T1-02:0:037,1,0,
T1-03:0:000,1,30,0.4333
T1-03:0:001,1,35,0.7429
T1-03:0:002,1,101,0.6535
T1-03:0:003,1,142,0.6479
T1-03:0:004,1,94,0.7234
T1-03:0:005,1,85,0.7412
T1-03:0:006,1,40,0.625
T1-03:0:007,1,74,0.7027
T1-03:0:008,1,52,0.75
T1-03:0:009,1,38,0.7632
T1-03:0:010,1,41,0.8049
T1-03:0:011,1,47,0.6383
T1-03:0:012,1,53,0.6981
T1-03:0:013,1,44,0.75
T1-03:0:014,1,52,0.7115
T1-03:0:015,1,46,0.7174
T1-03:0:016,1,58,0.6207
T1-03:0:017,1,64,0.625
T1-03:0:018,1,52,0.6923
T1-03:0:019,1,117,0.6068
T1-03:0:020,1,86,0.6744
T1-03:0:021,1,153,0.6601
T1-04:0:000,1,34,0.4412
T1-04:0:001,1,93,0.5914
T1-04:0:002,1,34,0.5588
T1-04:0:003,1,37,0.6757
T1-04:0:004,1,55,0.7091
T1-04:0:005,1,132,0.7197
T1-04:0:006,1,85,0.6118
T1-04:0:007,1,13,0.6923
T1-04:0:008,1,49,0.4898
T1-04:0:009,1,133,0.6917
T1-04:0:010,1,51,0.6078
T1-04:0:011,1,41,0.7073
T1-04:0:012,1,80,0.7
T1-04:0:013,1,49,0.7755
T1-04:0:014,1,62,0.7742
T1-04:0:015,1,41,0.7073
T1-04:0:016,1,43,0.6977
T1-04:0:017,1,4,0.75
T1-04:0:018,1,1,1.0
T1-04:0:019,1,50,0.72
T1-04:0:020,1,59,0.6271
T1-04:0:021,1,71,0.6056
T1-04:0:022,1,6,0.1667
T1-04:0:023,1,37,0.7027
T1-04:0:024,1,97,0.6804
T1-04:0:025,1,62,0.6129
T1-04:0:026,1,25,0.64
T1-04:0:027,1,1,0.0
T1-04:1:000,1,49,0.6327
T1-04:1:001,1,47,0.617
T1-04:1:002,1,39,0.6154
T1-04:1:003,1,49,0.7755
T1-04:1:004,1,53,0.6226
T1-04:1:005,1,53,0.6226
T1-04:1:006,1,39,0.7692
T1-04:1:007,1,36,0.5833
T1-04:1:008,1,62,0.5
T1-04:1:009,1,43,0.7442
T1-04:1:010,1,61,0.623
T1-04:1:011,1,36,0.6667
T1-04:1:012,1,0,
T1-04:1:013,1,7,0.2857
T1-04:1:014,1,49,0.5918
T1-04:1:015,1,167,0.5569
T1-04:1:016,1,33,0.5758
T1-04:1:017,1,59,0.678
T1-04:1:018,1,98,0.7755
T1-04:1:019,1,50,0.76
T1-04:1:020,1,37,0.6486
T1-04:1:021,1,72,0.6389
T1-04:1:022,1,3,0.3333
T1-04:1:023,1,42,0.5714
T1-04:1:024,1,36,0.6944
T1-04:1:025,1,2,0.5
T1-04:1:026,1,3,1.0
T1-04:1:027,1,0,
T1-04:1:028,1,7,0.7143
T1-04:1:029,1,6,0.5
T1-04:1:030,1,50,0.7
T1-04:1:031,1,90,0.7111
T1-04:1:032,1,43,0.2558
T1-04:1:033,1,38,0.5789
T1-04:1:034,1,166,0.6506
T1-04:1:035,1,41,0.7317
T1-04:1:036,1,22,0.4545
T1-04:1:037,1,0,
T1-04:1:038,1,1,1.0
T1-05:0:000,1,128,0.7188
T1-05:0:001,1,73,0.6164
T1-05:0:002,1,39,0.7692
T1-05:0:003,1,202,0.6535
T1-05:0:004,1,55,0.5455
T1-05:0:005,1,43,0.6977
T1-05:0:006,1,58,0.5862
T1-05:0:007,1,119,0.7227
T1-05:0:008,1,37,0.7568
T1-05:0:009,1,46,0.8043
T1-05:0:010,1,39,0.6667
T1-05:0:011,1,36,0.6667
T1-05:0:012,1,89,0.7528
T1-05:0:013,1,51,0.6863
T1-05:0:014,1,52,0.6538
T1-05:0:015,1,36,0.6389
T1-05:0:016,1,58,0.7069
T1-05:0:017,1,21,0.381
T1-05:0:018,1,43,0.5814
T1-05:0:019,1,56,0.4821
T1-05:0:020,1,50,0.58
T1-05:0:021,1,19,0.8421
T1-05:0:022,1,4,1.0
T1-05:0:023,1,144,0.6806
T1-05:0:024,1,37,0.7297
T1-05:0:025,1,42,0.5714
T1-05:0:026,1,69,0.8116
T1-05:0:027,1,101,0.6139
T1-05:0:028,1,20,0.65
T1-05:0:029,1,1,0.0
T1-05:0:030,1,93,0.6129
T1-05:0:031,1,67,0.7612
T1-05:0:032,1,38,0.6053
T1-05:0:033,1,85,0.6824
T1-05:0:034,1,1,1.0
T1-05:0:035,1,8,0.75
T1-05:0:036,1,0,
T1-05:1:000,1,47,0.5957
T1-05:1:001,1,47,0.6383
T1-05:1:002,1,108,0.6481
T1-05:1:003,1,49,0.6122
T1-05:1:004,1,63,0.5238
T1-05:1:005,1,228,0.7149
T1-05:1:006,1,93,0.7849
T1-05:1:007,1,127,0.6299
T1-05:1:008,1,51,0.6275
T1-05:1:009,1,36,0.6667
T1-05:1:010,1,63,0.6667
T1-05:1:011,1,56,0.5714
T1-05:1:012,1,48,0.7292
T1-05:1:013,1,59,0.6949
T1-05:1:014,1,40,0.775
T1-05:1:015,1,63,0.6667
T1-05:1:016,1,91,0.7033
T1-05:1:017,1,24,0.625
T1-05:1:018,1,3,0.0
T1-05:1:019,1,2,0.5
T1-05:1:020,1,1,0.0
T1-05:1:021,1,3,0.3333
T1-05:1:022,1,2,0.5
T1-05:1:023,1,46,0.7826
T1-05:1:024,1,44,0.7045
T1-05:1:025,1,41,0.5122
T1-05:1:026,1,64,0.4531
T1-05:1:027,1,70,0.6571
T1-05:1:028,1,56,0.6964
T1-05:1:029,1,44,0.5682
T1-05:1:030,1,44,0.7273
T1-05:1:031,1,58,0.569
T1-05:1:032,1,39,0.7692
T1-05:1:033,1,97,0.8041
T1-05:1:034,1,1,1.0
T1-05:1:035,1,2,1.0
T1-06:0:000,1,74,0.5
T1-06:0:001,1,60,0.6833
T1-06:0:002,1,36,0.6944
T1-06:0:003,1,64,0.6875
T1-06:0:004,1,49,0.6122
T1-06:0:005,1,83,0.7349
T1-06:0:006,1,43,0.6512
T1-06:0:007,1,43,0.6279
T1-06:0:008,1,53,0.6415
T1-06:0:009,1,34,0.6471
T1-06:0:010,1,81,0.5309
T1-06:0:011,1,9,0.7778
T1-06:0:012,1,3,0.3333
T1-06:0:013,1,43,0.6279
T1-06:0:014,1,51,0.6471
T1-06:0:015,1,66,0.697
T1-06:0:016,1,101,0.7129
T1-06:0:017,1,62,0.629
T1-06:0:018,1,181,0.6077
T1-06:0:019,1,49,0.6531
T1-06:0:020,1,40,0.55
T1-06:0:021,1,1,0.0
T1-06:0:022,1,73,0.6712
T1-06:0:023,1,39,0.641
T1-06:0:024,1,64,0.5938
T1-06:0:025,1,41,0.5854
T1-06:0:026,1,82,0.5976
T1-06:0:027,1,55,0.8
T1-06:0:028,1,37,0.7297
T1-06:0:029,1,58,0.7414
T1-06:0:030,1,62,0.5806
T1-06:0:031,1,13,0.7692
T1-06:0:032,1,2,0.5
T1-07:0:000,1,100,0.77
T1-07:0:001,1,121,0.686
T1-07:0:002,1,60,0.6333
T1-07:0:003,1,106,0.7075
T1-07:0:004,1,45,0.6222
T1-07:0:005,1,43,0.186
T1-07:0:006,1,72,0.7222
T1-07:0:007,1,52,0.6731
T1-07:0:008,1,37,0.6486
T1-07:0:009,1,71,0.1972
T1-07:0:010,1,67,0.2537
T1-07:0:011,1,0,
T1-07:0:012,1,2,0.5
T1-07:0:013,1,48,0.6667
T1-07:0:014,1,123,0.6423
T1-07:0:015,1,53,0.6981
T1-07:0:016,1,68,0.6176
T1-07:0:017,1,96,0.3854
T1-07:0:018,1,1,0.0
T1-07:0:019,1,80,0.575
T1-07:0:020,1,25,0.72
T1-08:0:000,1,51,0.7843
T1-08:0:001,1,53,0.6604
T1-08:0:002,1,40,0.7
T1-08:0:003,1,63,0.7778
T1-08:0:004,1,86,0.7093
T1-08:0:005,1,44,0.6818
T1-08:0:006,1,67,0.6269
T1-08:0:007,1,104,0.5962
T1-08:0:008,1,50,0.72
T1-08:0:009,1,110,0.6636
T1-08:0:010,1,66,0.7576
T1-08:0:011,1,38,0.6053
T1-08:0:012,1,49,0.7551
T1-08:0:013,1,52,0.6346
T1-08:0:014,1,42,0.6905
T1-08:0:015,1,60,0.7
T1-08:0:016,1,75,0.6267
T1-08:0:017,1,39,0.641
T1-08:0:018,1,42,0.5952
T1-08:0:019,1,15,0.3333
T1-08:0:020,1,304,0.6776
T1-08:0:021,1,72,0.6806
T1-08:0:022,1,21,0.4286
T1-08:0:023,1,0,
T1-08:0:024,1,0,
T1-08:0:025,1,0,
T1-08:0:026,1,0,
T1-08:1:000,1,13,0.0769
T1-08:1:001,1,79,0.6329
T1-08:1:002,1,69,0.7246
T1-08:1:003,1,37,0.6216
T1-08:1:004,1,46,0.6087
T1-08:1:005,1,51,0.6275
T1-08:1:006,1,34,0.6471
T1-08:1:007,1,33,0.7273
T1-08:1:008,1,46,0.6957
T1-08:1:009,1,57,0.7544
T1-08:1:010,1,47,0.5957
T1-08:1:011,1,33,0.697
T1-08:1:012,1,16,0.5
T1-08:1:013,1,12,0.8333
T1-08:1:014,1,24,0.9167
T1-08:1:015,1,5,0.8
T1-08:1:016,1,66,0.697
T1-08:1:017,1,45,0.6222
T1-08:1:018,1,42,0.5714
T1-08:1:019,1,76,0.6316
T1-08:1:020,1,49,0.6939
T1-08:1:021,1,85,0.6471
T1-08:1:022,1,65,0.6923
T1-08:1:023,1,80,0.7
T1-08:1:024,1,93,0.6882
T1-08:1:025,1,64,0.625
T1-08:1:026,1,42,0.6667
T1-08:1:027,1,30,0.5333
T1-08:1:028,1,3,0.6667
T1-08:1:029,1,70,0.6571
T1-08:1:030,1,70,0.6143
T1-08:1:031,1,81,0.6173
T1-08:1:032,1,44,0.6136
T1-08:1:033,1,32,0.7812
T1-08:1:034,1,83,0.6386
T1-08:1:035,1,50,0.68
T1-08:1:036,1,37,0.7297
T1-08:1:037,1,4,0.75
T1-09:0:000,1,36,0.7222
T1-09:0:001,1,45,0.6889
T1-09:0:002,1,43,0.6977
T1-09:0:003,1,51,0.6863
T1-09:0:004,1,28,0.7857
T1-09:0:005,1,48,0.7292
T1-09:0:006,1,51,0.6667
T1-09:0:007,1,103,0.7767
T1-09:0:008,1,67,0.7015
T1-09:0:009,1,68,0.7941
T1-09:0:010,1,42,0.6429
T1-09:0:011,1,28,0.3571
T1-09:0:012,1,15,0.8
T1-09:0:013,1,119,0.6303
T1-09:0:014,1,49,0.8367
T1-09:0:015,1,149,0.7852
T1-09:0:016,1,25,0.36
T1-09:0:017,1,59,0.5424
T1-09:0:018,1,138,0.6739
T1-09:0:019,1,91,0.7473
T1-09:0:020,1,11,0.6364
T1-09:0:021,1,52,0.7308
T1-09:0:022,1,96,0.7188
T1-09:0:023,1,39,0.6667
T1-09:0:024,1,1,1.0
T1-09:0:025,1,0,
T1-09:0:026,1,48,0.625
T1-09:0:027,1,27,0.8148
T1-09:1:000,1,105,0.7333
T1-09:1:001,1,56,0.7143
T1-09:1:002,1,39,0.5897
T1-09:1:003,1,75,0.4933
T1-09:1:004,1,78,0.7821
T1-09:1:005,1,42,0.4762
T1-09:1:006,1,35,0.6857
T1-09:1:007,1,27,0.6296
T1-09:1:008,1,136,0.6765
T1-09:1:009,1,39,0.7692
T1-09:1:010,1,36,0.5833
T1-09:1:011,1,36,0.6667
T1-09:1:012,1,63,0.7619
T1-09:1:013,1,34,0.7353
T1-09:1:014,1,41,0.6829
T1-09:1:015,1,59,0.7627
T1-09:1:016,1,97,0.6495
T1-09:1:017,1,86,0.6395
T1-09:1:018,1,34,0.7647
T1-09:1:019,1,138,0.6739
T1-09:1:020,1,108,0.6481
T1-09:1:021,1,54,0.7778
T1-09:1:022,1,38,0.6842
T1-09:1:023,1,43,0.6744
T1-09:1:024,1,84,0.631
T1-09:1:025,1,59,0.4407
T1-09:1:026,1,55,0.5636
T1-09:1:027,1,4,1.0
T1-09:1:028,1,0,
T1-09:1:029,1,0,
T1-09:1:030,1,1,0.0
T1-10:0:000,1,0,
T1-10:0:001,1,13,0.1538
T1-10:0:002,1,113,0.6637
T1-10:0:003,1,89,0.7865
T1-10:0:004,1,74,0.6622
T1-10:0:005,1,65,0.6462
T1-10:0:006,1,64,0.6406
T1-10:0:007,1,59,0.7458
T1-10:0:008,1,96,0.6875
T1-10:0:009,1,121,0.6777
T1-10:0:010,1,19,0.6842
T1-10:0:011,1,0,
T1-10:0:012,1,50,0.78
T1-10:0:013,1,41,0.7317
T1-10:0:014,1,45,0.7778
T1-10:0:015,1,60,0.7
T1-10:0:016,1,41,0.6585
T1-10:0:017,1,38,0.6579
T1-10:0:018,1,105,0.6857
T1-10:0:019,1,58,0.569
T1-10:0:020,1,0,
T1-10:0:021,1,2,0.5
T1-10:0:022,1,1,1.0
T1-10:0:023,1,2,1.0
T1-10:0:024,1,17,0.7059
T1-10:0:025,1,73,0.4658
T1-10:0:026,1,108,0.713
T1-10:0:027,1,22,0.6364
T1-10:0:028,1,3,0.0
T1-10:0:029,1,44,0.5
T1-10:0:030,1,1,0.0
T1-11:0:000,1,26,0.5
T1-11:0:001,1,56,0.7679
T1-11:0:002,1,48,0.7292
T1-11:0:003,1,50,0.8
T1-11:0:004,1,39,0.641
T1-11:0:005,1,113,0.6991
T1-11:0:006,1,62,0.6774
T1-11:0:007,1,40,0.65
T1-11:0:008,1,36,0.6944
T1-11:0:009,1,51,0.6863
T1-11:0:010,1,47,0.5957
T1-11:0:011,1,0,
T1-11:0:012,1,1,1.0
T1-11:0:013,1,76,0.6053
T1-11:0:014,1,33,0.6061
T1-11:0:015,1,40,0.875
T1-11:0:016,1,71,0.6197
T1-11:0:017,1,138,0.6739
T1-11:0:018,1,165,0.6727
T1-11:0:019,1,26,0.6154
T1-11:0:020,1,95,0.7684
T1-11:0:021,1,46,0.7826
T1-11:0:022,1,40,0.7
T1-11:0:023,1,24,0.75
T1-11:0:024,1,40,0.575
T1-11:0:025,1,62,0.6774
T1-11:0:026,1,73,0.6438
T1-11:0:027,1,12,0.6667
T1-11:0:028,1,2,0.5
T1-11:0:029,1,0,
T1-11:0:030,1,0,
T1-11:0:031,1,0,
T1-11:1:000,1,55,0.7273
T1-11:1:001,1,45,0.6667
T1-11:1:002,1,119,0.6807
T1-11:1:003,1,35,0.5143
T1-11:1:004,1,47,0.6383
T1-11:1:005,1,45,0.6889
T1-11:1:006,1,45,0.8222
T1-11:1:007,1,55,0.7091
T1-11:1:008,1,48,0.7083
T1-11:1:009,1,86,0.7674
T1-11:1:010,1,123,0.7724
T1-11:1:011,1,48,0.1667
T1-11:1:012,1,160,0.6875
T1-11:1:013,1,62,0.6774
T1-11:1:014,1,83,0.8072
T1-11:1:015,1,54,0.7593
T1-11:1:016,1,38,0.7105
T1-11:1:017,1,184,0.7391
T1-11:1:018,1,2,1.0
T1-11:1:019,1,81,0.5062
T1-11:1:020,1,60,0.6833
T1-11:1:021,1,90,0.6333
T1-11:1:022,1,56,0.6786
T1-11:1:023,1,4,0.25
T1-11:1:024,1,33,0.697
T1-11:1:025,1,66,0.803
T1-11:1:026,1,42,0.8095
T1-11:1:027,1,36,0.9167
T1-11:1:028,1,50,0.76
T1-11:1:029,1,75,0.7733
T1-11:1:030,1,66,0.6515
T1-12:0:000,1,0,
T1-12:0:001,1,26,0.5
T1-12:0:002,1,52,0.7115
T1-12:0:003,1,87,0.4943
T1-12:0:004,1,73,0.3562
T1-12:0:005,1,48,0.3958
T1-12:0:006,1,38,0.7105
T1-12:0:007,1,46,0.7609
T1-12:0:008,1,0,
T1-12:0:009,1,1,0.0
T1-12:0:010,1,104,0.7019
T1-12:0:011,1,98,0.6122
T1-12:0:012,1,127,0.7559
T1-12:0:013,1,195,0.7026
T1-12:0:014,1,1,1.0
T1-12:0:015,1,59,0.7288
T1-12:0:016,1,90,0.7333
T1-12:0:017,1,155,0.7806
T1-12:0:018,1,202,0.7079
T1-12:0:019,1,5,0.8
T1-13:0:000,1,5,0.8
T1-13:0:001,1,18,0.7222
T1-13:0:002,1,38,0.9211
T1-13:0:003,1,33,0.9394
T1-13:0:004,1,54,0.8704
T1-13:0:005,1,49,0.9184
T1-13:0:006,1,62,0.8871
T1-13:0:007,1,41,0.9024
T1-13:0:008,1,28,1.0
T1-13:0:009,1,39,0.9487
T1-13:0:010,1,8,1.0
T1-13:0:011,1,12,0.8333
T1-13:0:012,1,42,0.8333
T1-13:0:013,1,54,0.9259
T1-13:0:014,1,51,0.8824
T1-13:0:015,1,38,0.8947
T1-13:0:016,1,42,0.9286
T1-13:0:017,1,38,0.8684
T1-13:0:018,1,58,0.9138
T1-13:0:019,1,37,0.9189
T1-13:0:020,1,34,0.8529
T1-13:0:021,1,2,1.0
T1-13:0:022,1,8,0.875
T1-13:0:023,1,5,0.6
T1-13:0:024,1,0,
T1-13:0:025,1,45,0.8222
T1-13:0:026,1,36,0.8611
T1-13:0:027,1,42,0.9524
T1-13:0:028,1,36,0.9444
T1-13:0:029,1,46,0.913
T1-13:0:030,1,52,0.9808
T1-13:0:031,1,62,0.9194
T1-13:0:032,1,57,0.9649
T1-13:0:033,1,23,0.8696
T1-14:0:000,1,36,0.8333
T1-14:0:001,1,2,1.0
T1-14:0:002,1,6,0.5
T1-14:0:003,1,120,0.9083
T1-14:0:004,1,35,0.9143
T1-14:0:005,1,40,0.925
T1-14:0:006,1,121,0.876
T1-14:0:007,1,38,0.8158
T1-14:0:008,1,61,0.8525
T1-14:0:009,1,135,0.8519
T1-14:0:010,1,35,0.8571
T1-14:0:011,1,7,0.7143
T1-14:0:012,1,117,0.8889
T1-14:0:013,1,25,0.84
T1-14:0:014,1,9,0.7778
T1-14:0:015,1,175,0.96
T1-14:0:016,1,131,0.9237
T1-14:0:017,1,124,0.9435
T1-14:0:018,1,50,0.94
T1-14:0:019,1,58,0.8793
T2-01:0:000,2,41,0.8537
T2-01:0:001,2,8,0.625
T2-01:0:002,2,105,0.9429
T2-01:0:003,2,103,0.9612
T2-01:1:000,2,106,0.9717
T2-01:1:001,2,67,0.9104
T2-01:1:002,2,87,0.9425
T2-01:1:003,2,37,0.973
T2-01:2:000,2,77,0.961
T2-01:2:001,2,50,0.92
T2-01:2:002,2,72,0.9861
T2-01:2:003,2,38,0.9211
T2-01:2:004,2,59,0.9492
T2-01:2:005,2,28,0.9643
T2-01:3:000,2,73,0.9589
T2-01:3:001,2,55,0.9818
T2-01:3:002,2,150,0.9533
T2-01:3:003,2,25,0.92
T2-01:4:000,2,63,0.9206
T2-01:4:001,2,60,0.9833
T2-01:4:002,2,76,0.9737
T2-01:4:003,2,72,0.9583
T2-01:5:000,2,83,0.8554
T2-01:5:001,2,80,0.925
T2-01:5:002,2,80,0.9375
T2-01:5:003,2,20,0.95
T2-01:6:000,2,54,0.963
T2-01:6:001,2,63,0.9365
T2-01:6:002,2,55,0.9455
T2-01:6:003,2,59,0.9831
T2-01:6:004,2,47,0.9787
T2-01:7:000,2,37,0.8649
T2-01:7:001,2,68,0.9412
T2-01:7:002,2,38,0.8684
T2-01:7:003,2,61,0.2131
T2-01:7:004,2,27,0.2222
T2-01:8:000,2,40,0.3
T2-01:8:001,2,140,0.2214
T2-01:8:002,2,96,0.2917
T2-01:9:000,2,110,0.4182
T2-01:9:001,2,78,0.3205
T2-01:9:002,2,88,0.375
T2-01:10:000,2,74,0.1892
T2-01:10:001,2,45,0.3556
T2-01:10:002,2,45,0.1333
T2-01:10:003,2,33,0.1818
T2-01:10:004,2,55,0.2364
T2-01:11:000,2,83,0.3012
T2-01:11:001,2,149,0.8792
T2-02:0:000,2,71,0.9014
T2-02:0:001,2,55,0.9455
T2-02:0:002,2,33,1.0
T2-02:0:003,2,65,0.9538
T2-02:1:000,2,40,0.95
T2-02:1:001,2,120,0.9667
T2-02:1:002,2,79,0.9747
T2-02:1:003,2,46,0.9348
T2-02:1:004,2,17,1.0
T2-02:2:000,2,51,0.902
T2-02:2:001,2,50,0.94
T2-02:2:002,2,40,0.975
T2-02:2:003,2,46,0.9565
T2-02:2:004,2,41,0.9756
T2-02:2:005,2,35,1.0
T2-02:3:000,2,83,0.9639
T2-02:3:001,2,69,0.942
T2-02:3:002,2,54,0.963
T2-02:3:003,2,42,0.9524
T2-02:3:004,2,37,0.9459
T2-02:4:000,2,59,0.9322
T2-02:4:001,2,67,0.9701
T2-02:4:002,2,195,0.9692
T2-02:5:000,2,57,0.9649
T2-02:5:001,2,73,0.9726
T2-02:5:002,2,98,0.9184
T2-02:5:003,2,77,0.9481
T2-02:6:000,2,107,0.9346
T2-02:6:001,2,80,0.9375
T2-02:6:002,2,65,0.9692
T2-02:6:003,2,31,0.9677
T2-02:7:000,2,92,0.9565
T2-02:7:001,2,52,0.9615
T2-02:7:002,2,130,0.9385
T2-02:8:000,2,60,0.95
T2-02:8:001,2,39,1.0
T2-02:8:002,2,40,0.775
T2-02:8:003,2,35,0.7714
T2-02:8:004,2,32,0.625
T2-02:8:005,2,19,0.4211
T2-02:9:000,2,31,0.6774
T2-02:9:001,2,50,0.76
T2-02:9:002,2,40,0.725
T2-02:9:003,2,37,0.7297
T2-02:9:004,2,37,0.8919
T2-02:9:005,2,19,0.8421
T2-03:0:000,2,37,1.0
T2-03:0:001,2,35,0.9143
T2-03:0:002,2,9,0.4444
T2-03:0:003,2,123,0.9024
T2-03:0:004,2,22,0.9545
T2-03:1:000,2,151,0.9272
T2-03:1:001,2,75,0.96
T2-03:1:002,2,64,0.9062
T2-03:2:000,2,41,0.8293
T2-03:2:001,2,41,0.9512
T2-03:2:002,2,58,0.9655
T2-03:2:003,2,91,0.967
T2-03:2:004,2,56,0.8929
T2-03:3:000,2,88,1.0
T2-03:3:001,2,46,0.9348
T2-03:3:002,2,150,0.9267
T2-03:4:000,2,96,0.9479
T2-03:4:001,2,167,0.9581
T2-03:4:002,2,18,1.0
T2-03:5:000,2,141,0.9716
T2-03:5:001,2,175,0.9657
T2-03:6:000,2,47,1.0
T2-03:6:001,2,141,0.9858
T2-03:6:002,2,53,0.9811
T2-03:6:003,2,26,0.9231
T2-03:6:004,2,0,
T2-03:7:000,2,2,1.0
T2-03:7:001,2,288,0.9514
T2-03:8:000,2,97,0.9691
T2-03:8:001,2,38,0.9737
T2-03:8:002,2,65,0.9692
T2-03:8:003,2,45,0.9778
T2-04:0:000,2,30,0.2
T2-04:0:001,2,41,0.3415
T2-04:0:002,2,95,0.9368
T2-04:0:003,2,46,0.9783
T2-04:1:000,2,75,0.9467
T2-04:1:001,2,99,0.9293
T2-04:1:002,2,51,0.9804
T2-04:1:003,2,97,0.9691
T2-04:2:000,2,184,0.9674
T2-04:2:001,2,73,0.9726
T2-04:2:002,2,48,0.9792
T2-04:3:000,2,109,0.9633
T2-04:3:001,2,154,0.9221
T2-04:3:002,2,23,0.913
T2-04:4:000,2,57,0.9298
T2-04:4:001,2,71,0.9577
T2-04:4:002,2,169,0.9467
T2-04:5:000,2,43,0.9767
T2-04:5:001,2,196,0.9643
T2-04:5:002,2,55,1.0
T2-04:5:003,2,19,0.9474
T2-04:6:000,2,113,0.9558
T2-04:6:001,2,71,0.9296
T2-04:6:002,2,93,0.957
T3-01:0:000,3,4,0.75
T3-01:0:001,3,53,0.9057
T3-01:0:002,3,128,0.9141
T3-01:0:003,3,45,0.9333
T3-01:0:004,3,35,0.8571
T3-01:0:005,3,16,0.875
T3-01:0:006,3,83,0.8916
T3-01:0:007,3,25,0.88
T3-01:0:008,3,48,0.875
T3-01:0:009,3,60,0.9167
T3-01:0:010,3,52,0.9231
T3-01:0:011,3,56,0.8929
T3-01:0:012,3,77,0.9351
T3-01:0:013,3,57,0.9123
T3-01:0:014,3,53,0.9434
T3-01:0:015,3,78,0.859
T3-01:0:016,3,147,0.9456
T3-01:0:017,3,57,0.8596
T3-01:0:018,3,31,0.8387
T3-01:0:019,3,37,0.8108
T3-01:0:020,3,38,0.8947
T3-01:0:021,3,14,0.9286
T3-01:0:022,3,34,0.9118
T3-01:0:023,3,47,0.8723
T3-01:0:024,3,73,0.9315
T3-01:0:025,3,58,0.8966
T3-01:0:026,3,3,1.0
T3-01:0:027,3,71,0.9155
T3-01:0:028,3,45,0.7778
T3-01:0:029,3,66,0.8636
T3-01:0:030,3,53,0.8679
T3-01:0:031,3,22,0.8182
T3-01:0:032,3,0,
T3-01:0:033,3,0,
T3-02:0:000,3,139,0.8561
T3-02:0:001,3,30,0.7333
T3-02:0:002,3,71,0.8451
T3-02:0:003,3,59,0.7627
T3-02:0:004,3,9,0.7778
T3-02:0:005,3,0,
T3-02:0:006,3,15,0.5333
T3-02:0:007,3,33,0.7576
T3-02:0:008,3,66,0.8636
T3-02:0:009,3,26,0.4615
T3-02:0:010,3,40,0.375
T3-02:0:011,3,32,0.5312
T3-02:0:012,3,40,0.8
T3-02:0:013,3,29,0.6552
T3-02:0:014,3,49,0.6939
T3-02:0:015,3,21,0.8571
T3-02:0:016,3,42,0.6905
T3-03:0:000,3,73,0.8904
T3-03:0:001,3,14,0.9286
T3-03:0:002,3,34,0.8235
T3-03:0:003,3,93,0.871
T3-03:0:004,3,50,0.9
T3-03:0:005,3,96,0.9271
T3-03:0:006,3,54,0.9259
T3-03:0:007,3,34,1.0
T3-03:0:008,3,38,0.8947
T3-03:0:009,3,41,0.9756
T3-03:0:010,3,60,0.9167
T3-03:0:011,3,74,0.8649
T3-03:0:012,3,50,0.94
T3-03:0:013,3,107,0.9252
T3-03:0:014,3,69,0.971
T3-03:0:015,3,50,0.88
T3-03:0:016,3,25,0.92
T3-03:0:017,3,22,0.9545
T3-03:0:018,3,2,1.0
T3-03:0:019,3,44,0.9091
T3-03:0:020,3,26,0.9231
T3-03:0:021,3,27,0.7407
T3-03:0:022,3,27,0.8519
T3-03:0:023,3,35,0.6857
T3-03:0:024,3,69,0.942
T3-03:0:025,3,107,0.9533
T3-03:0:026,3,37,0.9459
T3-03:0:027,3,1,1.0
T3-03:0:028,3,112,0.9196
T3-03:0:029,3,56,0.8929
T3-03:0:030,3,78,0.9615
T3-04:0:000,3,30,0.8
T3-04:0:001,3,29,0.7931
T3-04:0:002,3,143,0.9301
T3-04:0:003,3,41,0.9512
T3-04:0:004,3,83,0.9157
T3-04:0:005,3,56,0.9107
T3-04:0:006,3,36,0.8889
T3-04:0:007,3,89,0.9326
T3-04:0:008,3,9,0.8889
T3-04:0:009,3,8,0.875
T3-04:0:010,3,59,0.9322
T3-04:0:011,3,17,0.8824
T3-04:0:012,3,152,0.9342
T3-04:0:013,3,102,0.9216
T3-04:0:014,3,38,0.8947
T3-04:0:015,3,47,0.9787
T3-04:0:016,3,153,0.8627
T3-04:0:017,3,51,0.8431
T3-04:0:018,3,53,0.7925
T3-04:0:019,3,20,0.9
T3-04:0:020,3,55,0.8727
T3-04:0:021,3,57,0.8596
T3-04:0:022,3,196,0.9235
T3-04:0:023,3,48,0.9167
T3-04:0:024,3,104,0.7692
T3-04:0:025,3,54,0.6481
T3-04:0:026,3,4,1.0
T3-04:0:027,3,3,1.0
T3-04:0:028,3,3,1.0
T3-05:0:000,3,123,0.9106
T3-05:0:001,3,67,0.8507
T3-05:0:002,3,120,0.775
T3-05:0:003,3,32,0.7812
T3-05:0:004,3,42,0.6667
T3-05:0:005,3,156,0.9551
T3-05:0:006,3,37,0.8108
T3-05:0:007,3,4,0.75
T3-05:0:008,3,1,1.0
T3-05:0:009,3,8,1.0
T3-05:0:010,3,205,0.9659
T3-05:0:011,3,60,0.9833
T3-05:0:012,3,1,0.0
T3-05:0:013,3,59,0.9322
T3-05:0:014,3,41,0.9512
T3-05:0:015,3,33,0.9697
T3-05:0:016,3,191,0.9791
T3-05:0:017,3,71,0.8732
T3-05:0:018,3,75,0.9867
T3-05:0:019,3,179,0.8939
T3-05:0:020,3,108,0.7963
T3-05:0:021,3,46,0.8696
T3-05:0:022,3,41,0.9512
T3-05:0:023,3,73,0.9452
T3-05:0:024,3,6,1.0
T3-05:0:025,3,0,
T3-06:0:000,3,8,0.75
T3-06:0:001,3,57,0.9298
T3-06:0:002,3,73,0.8767
T3-06:0:003,3,7,1.0
T3-06:0:004,3,42,0.8333
T3-06:0:005,3,38,0.8947
T3-06:0:006,3,7,1.0
T3-06:0:007,3,3,1.0
T3-06:0:008,3,60,0.9167
T3-06:0:009,3,2,1.0
T3-06:0:010,3,0,
T3-06:0:011,3,60,0.95
T3-07:0:000,3,35,0.9429
T3-07:0:001,3,43,0.8837
T3-07:0:002,3,54,0.8889
T3-07:0:003,3,1,0.0
T3-07:0:004,3,211,0.91
T3-07:0:005,3,83,0.9398
T3-07:0:006,3,118,0.8729
T3-07:0:007,3,42,0.9524
T3-07:0:008,3,60,0.9333
T3-07:0:009,3,43,0.9767
T3-07:0:010,3,50,0.94
T3-07:0:011,3,20,0.95
T3-07:0:012,3,61,0.8361
T3-07:0:013,3,55,0.8909
T3-07:0:014,3,22,0.8636
T3-07:0:015,3,175,0.9714
T3-07:0:016,3,68,0.9265
T3-07:0:017,3,39,0.9487
T3-07:0:018,3,35,0.9714
T3-07:0:019,3,41,0.9756
T3-07:0:020,3,39,0.9487
T3-07:0:021,3,30,0.9333
T3-07:0:022,3,21,0.9048
T3-07:0:023,3,5,1.0
T3-07:0:024,3,8,1.0
T3-07:0:025,3,1,1.0
T3-07:0:026,3,69,0.913
T3-07:0:027,3,39,1.0
T3-07:0:028,3,29,0.931
T3-07:0:029,3,7,0.8571
T3-07:0:030,3,36,0.9167
T3-07:0:031,3,40,0.925
T3-07:0:032,3,33,0.9091
T3-07:0:033,3,36,0.9167
T3-07:0:034,3,38,0.9474
T3-07:0:035,3,62,0.9355
T3-07:0:036,3,88,0.9318
T3-07:0:037,3,16,1.0
T3-07:0:038,3,4,0.75
T3-07:0:039,3,1,1.0
T3-08:0:000,3,30,0.9
T3-08:0:001,3,35,0.8286
T3-08:0:002,3,38,0.8158
T3-08:0:003,3,31,0.7742
T3-08:0:004,3,34,0.7647
T3-08:0:005,3,41,0.6829
T3-08:0:006,3,41,0.7073
T3-08:0:007,3,49,0.7347
T3-08:0:008,3,31,0.7419
T3-08:0:009,3,47,0.7234
T3-08:0:010,3,35,0.5714
T3-08:0:011,3,41,0.7561
T3-08:0:012,3,21,0.6667
T3-08:0:013,3,0,
T3-08:0:014,3,4,0.5
T3-08:0:015,3,17,0.5882
T3-08:0:016,3,4,0.75
T3-08:0:017,3,26,0.7692
T3-08:0:018,3,32,0.75
T3-08:0:019,3,32,0.8125
T3-08:0:020,3,40,0.65
T3-08:0:021,3,31,0.7742
T3-08:0:022,3,40,0.8
T3-08:0:023,3,5,0.4
T3-08:0:024,3,1,1.0
T3-08:0:025,3,33,0.6364
T3-08:0:026,3,32,0.8438
T3-08:0:027,3,43,0.7674
T3-08:0:028,3,45,0.8222
T3-08:0:029,3,4,0.5
T3-08:0:030,3,0,
T3-08:0:031,3,31,0.7742
T3-08:0:032,3,45,0.9333
T3-08:0:033,3,0,
T3-08:0:034,3,33,0.697
T3-08:0:035,3,40,0.75
T3-08:0:036,3,0,
T3-08:0:037,3,22,0.9545
T3-09:0:000,3,113,0.8407
T3-09:0:001,3,55,0.9091
T3-09:0:002,3,45,0.8222
T3-09:0:003,3,50,0.9
T3-09:0:004,3,92,0.9783
T3-09:0:005,3,132,0.9167
T3-09:0:006,3,87,0.8276
T3-09:0:007,3,74,0.8243
T3-09:0:008,3,0,
T3-09:0:009,3,4,0.25
T3-09:0:010,3,127,0.9291
T3-09:0:011,3,119,0.916
T3-09:0:012,3,127,0.9055
T3-09:0:013,3,164,0.9085
T3-09:0:014,3,60,0.8667
T3-09:0:015,3,0,
T3-09:0:016,3,5,0.6
T3-09:0:017,3,1,1.0
T3-09:0:018,3,63,0.9048
T3-09:0:019,3,33,0.9697
T3-09:0:020,3,82,0.9512
T3-09:0:021,3,182,0.9231
T3-09:0:022,3,40,0.925
T3-09:0:023,3,46,0.913
T3-09:0:024,3,80,0.95
T3-09:0:025,3,102,0.9804
T3-09:0:026,3,40,0.975
T3-09:0:027,3,6,1.0
T3-10:0:000,3,5,1.0
T3-10:0:001,3,35,0.8571
T3-10:0:002,3,46,0.8478
T3-10:0:003,3,98,0.8878
T3-10:0:004,3,51,0.902
T3-10:0:005,3,30,0.9333
T3-10:0:006,3,32,0.8125
T3-10:0:007,3,48,0.5625
T3-10:0:008,3,92,0.9022
T3-10:0:009,3,80,0.8375
T3-10:0:010,3,71,0.7465
T3-10:0:011,3,1,0.0
T3-10:0:012,3,34,0.6471
T3-10:0:013,3,35,0.5429
T3-10:0:014,3,27,0.7778
T3-10:0:015,3,32,0.6562
T3-10:0:016,3,62,0.6935
T3-10:0:017,3,36,0.8056
T3-10:0:018,3,35,0.9429
T3-10:0:019,3,39,0.8974
T3-10:0:020,3,71,0.9437
T3-10:0:021,3,43,0.907
T3-10:0:022,3,51,0.8235
T3-10:0:023,3,3,1.0
T3-10:0:024,3,1,1.0
T3-10:0:025,3,2,1.0
T3-10:0:026,3,93,0.957
T3-10:0:027,3,112,0.9375
T3-10:0:028,3,65,0.9077
T3-10:0:029,3,87,0.8506
T3-10:0:030,3,53,0.9057
T3-10:0:031,3,69,0.8841
T3-10:0:032,3,58,0.9828
