pack_id,tier,file,source_file,source_pages,n_pages
T1-01,1,T1-01_SDT_1926-10_p11-12.pdf,SiebenburgischDeutschesTageblatt_1926_10-1675123442__page11-12.pdf,all,2
T1-02,1,T1-02_SDT_1926-10_p38.pdf,SiebenburgischDeutschesTageblatt_1926_10-1675123442__page38.pdf,all,1
T1-03,1,T1-03_SDT_1926-10_p45.pdf,SiebenburgischDeutschesTageblatt_1926_10-1675123442__page45.pdf,all,1
T1-04,1,T1-04_SDT_1926-10_p63-64.pdf,SiebenburgischDeutschesTageblatt_1926_10-1675123442__page63-64.pdf,all,2
T1-05,1,T1-05_SDT_1926-10_p72-73.pdf,SiebenburgischDeutschesTageblatt_1926_10-1675123442__page72-73.pdf,all,2
T1-06,1,T1-06_SDT_1926-10_p84.pdf,SiebenburgischDeutschesTageblatt_1926_10-1675123442__page84.pdf,all,1
T1-07,1,T1-07_SDT_1926-10_p85.pdf,SiebenburgischDeutschesTageblatt_1926_10-1675123442__page85.pdf,all,1
T1-08,1,T1-08_SDT_1926-10_p91-92.pdf,SiebenburgischDeutschesTageblatt_1926_10-1675123442__page91-92.pdf,all,2
T1-09,1,T1-09_SDT_1926-10_p119-120.pdf,SiebenburgischDeutschesTageblatt_1926_10-1675123442__page119-120.pdf,all,2
T1-10,1,T1-10_SDT_1926-10_p191.pdf,SiebenburgischDeutschesTageblatt_1926_10-1675123442__page191.pdf,all,1
T1-11,1,T1-11_SDT_1926-10_p199-200.pdf,SiebenburgischDeutschesTageblatt_1926_10-1675123442__page199-200.pdf,all,2
T1-12,1,T1-12_SDT_1926-10_p215.pdf,SiebenburgischDeutschesTageblatt_1926_10-1675123442__page215.pdf,all,1
T1-13,1,T1-13_TZ_1926-01_p229.pdf,TemesvarerZeitung_1926_01-17_Kommentar_Paneuropa__pages229.pdf,all,1
T1-14,1,T1-14_BDZ_1929-08_p17.pdf,BanaterDeutscheZeitung_1929_08-1708646825__page17.pdf,all,1
T2-01,2,T2-01_GM_1926_p130-141.pdf,GlasulMinoritatilor_1926-1631046977__page130-141.pdf,all,12
T2-02,2,T2-02_GM_1926_p287-296.pdf,GlasulMinoritatilor_1926-1631046977__page287-296.pdf,all,10
T2-03,2,T2-03_GM_1926_p326-334.pdf,GlasulMinoritatilor_1926-1631046977__page326-334.pdf,all,9
T2-04,2,T2-04_GM_1926_p351-357.pdf,GlasulMinoritatilor_1926-1631046977__page351-357.pdf,all,7
T3-01,3,T3-01_BDZ_1929-08_p10.pdf,BanaterDeutscheZeitung_1929_08-1708646825__pages1-50.pdf,10,1
T3-02,3,T3-02_BDZ_1929-08_p16.pdf,BanaterDeutscheZeitung_1929_08-1708646825__pages1-50.pdf,16,1
T3-03,3,T3-03_BDZ_1929-08_p20.pdf,BanaterDeutscheZeitung_1929_08-1708646825__pages1-50.pdf,20,1
T3-04,3,T3-04_BDZ_1929-08_p25.pdf,BanaterDeutscheZeitung_1929_08-1708646825__pages1-50.pdf,25,1
T3-05,3,T3-05_BDZ_1929-08_p26.pdf,BanaterDeutscheZeitung_1929_08-1708646825__pages1-50.pdf,26,1
T3-06,3,T3-06_BDZ_1929-08_p29.pdf,BanaterDeutscheZeitung_1929_08-1708646825__pages1-50.pdf,29,1
T3-07,3,T3-07_BDZ_1929-08_p31.pdf,BanaterDeutscheZeitung_1929_08-1708646825__pages1-50.pdf,31,1
T3-08,3,T3-08_BDZ_1929-08_p35.pdf,BanaterDeutscheZeitung_1929_08-1708646825__pages1-50.pdf,35,1
T3-09,3,T3-09_BDZ_1929-08_p40.pdf,BanaterDeutscheZeitung_1929_08-1708646825__pages1-50.pdf,40,1
T3-10,3,T3-10_BDZ_1929-08_p44.pdf,BanaterDeutscheZeitung_1929_08-1708646825__pages1-50.pdf,44,1
